id1,title1,desc1,vendor1,100
id2,title2,desc2,vendor2,200
id3,title3,desc3,vendor3,300
id4,title4,desc4,vendor4,400
id5,title5,desc5,vendor5,500
id6,title6,desc6,vendor6,600
id7,title7,desc7,vendor7,700
id8,title8,desc8,vendor8,800
id9,title9,desc9,vendor9,900
id10,title10,desc10,vendor10,1000
id11,title11,desc11,vendor11,1100
id12,title12,desc12,vendor12,1200
id13,title13,desc13,vendor13,1300
id14,title14,desc14,vendor14,1400
id15,title15,desc15,vendor15,1500
id16,title16,desc16,vendor16,1600
id17,title17,desc17,vendor17,1700
id18,title18,desc18,vendor18,1800
id19,title19,desc19,vendor19,1900
id20,title20,desc20,vendor20,2000